name,email,year,month,day
Hamd,hamdazam1@gmail.com,2004,6,28
Noureen,azamnoureen@gmail.com,1967,7,14
Mahad,mahadazam150@gmail.com,2008,5,26
Azam,azamgulzar61@gmail.com,1965,2,6
Rahmeen,rahaazam22@gmail.com,1998,1,24
Manahal,minahilazam@gmail.com,1996,5,29
Faaiz,26100088@lums.edu.pk,2004,9,16
Abdullah,26100110@lums.edu.pk,2005,12,24
Ibrahim,mibrahim1687@gmail.com,2003,7,2
Rafay,rafay11hadi@gmail.com,2005,5,2
Muneeb,783.muneeb@gmail.com,2004,8,1
Moazzam,mozrocks123@gmail.com,2004,9,8